regime,policy,episode,total_return,service_level,avg_on_hand,holding_cost,penalty_cost
stationary,random,0,1780.0000,0.9942,24.0962,1253.0000,15.0000
stationary,random,1,1496.0000,0.9938,26.1731,1361.0000,15.0000
stationary,random,2,1506.0000,1.0000,27.3077,1420.0000,0.0000
stationary,random,3,2097.0000,0.9964,21.9808,1143.0000,10.0000
stationary,random,4,1662.0000,0.9941,26.4423,1375.0000,15.0000
stationary,random,5,1514.0000,0.9780,26.9038,1399.0000,55.0000
stationary,random,6,1674.0000,0.9774,25.2692,1314.0000,60.0000
stationary,random,7,1655.0000,0.9110,18.0000,936.0000,235.0000
stationary,random,8,1902.0000,0.9923,23.2308,1208.0000,20.0000
stationary,random,9,1520.0000,0.9817,24.7500,1287.0000,45.0000
stationary,random,10,1951.0000,0.9782,23.1346,1203.0000,60.0000
stationary,random,11,1732.0000,0.9804,23.8077,1238.0000,50.0000
stationary,random,12,1663.0000,0.9681,24.9231,1296.0000,85.0000
stationary,random,13,2006.0000,1.0000,24.8462,1292.0000,0.0000
stationary,random,14,1918.0000,0.9849,22.4615,1168.0000,40.0000
stationary,random,15,1794.0000,0.9850,25.4615,1324.0000,40.0000
stationary,random,16,1827.0000,0.9812,23.8654,1241.0000,50.0000
stationary,random,17,1756.0000,1.0000,25.7308,1338.0000,0.0000
stationary,random,18,1567.0000,0.9802,24.8269,1291.0000,50.0000
stationary,random,19,1780.0000,0.9902,23.7115,1233.0000,25.0000
stationary,random,20,1823.0000,0.9211,17.8269,927.0000,210.0000
stationary,random,21,1817.0000,0.9769,22.5962,1175.0000,60.0000
stationary,random,22,1938.0000,0.9779,23.6154,1228.0000,60.0000
stationary,random,23,1973.0000,0.9847,20.5962,1071.0000,40.0000
stationary,random,24,1679.0000,0.9712,24.5385,1276.0000,75.0000
stationary,random,25,1651.0000,1.0000,27.4038,1425.0000,0.0000
stationary,random,26,1855.0000,0.9783,20.8846,1086.0000,55.0000
stationary,random,27,1854.0000,0.9465,20.8269,1083.0000,145.0000
stationary,random,28,1857.0000,1.0000,25.4038,1321.0000,0.0000
stationary,random,29,1251.0000,0.9313,26.2500,1365.0000,170.0000
stationary,random,30,1671.0000,0.9882,24.5577,1277.0000,30.0000
stationary,random,31,1666.0000,0.9637,24.7885,1289.0000,95.0000
stationary,random,32,1670.0000,0.9387,20.1923,1050.0000,160.0000
stationary,random,33,1899.0000,0.9907,24.2692,1262.0000,25.0000
stationary,random,34,1910.0000,1.0000,25.1154,1306.0000,0.0000
stationary,random,35,1735.0000,0.9520,21.3077,1108.0000,125.0000
stationary,random,36,1945.0000,0.9945,23.3462,1214.0000,15.0000
stationary,random,37,2000.0000,0.9905,21.5577,1121.0000,25.0000
stationary,random,38,1897.0000,0.9729,24.0385,1250.0000,75.0000
stationary,random,39,1883.0000,0.9962,24.2500,1261.0000,10.0000
stationary,random,40,1987.0000,0.9828,20.8846,1086.0000,45.0000
stationary,random,41,1875.0000,0.9981,24.3846,1268.0000,5.0000
stationary,random,42,1860.0000,0.9824,22.0577,1147.0000,45.0000
stationary,random,43,1645.0000,0.9470,23.2885,1211.0000,140.0000
stationary,random,44,1993.0000,0.9815,21.9423,1141.0000,50.0000
stationary,random,45,1943.0000,1.0000,23.5962,1227.0000,0.0000
stationary,random,46,1921.0000,1.0000,24.7500,1287.0000,0.0000
stationary,random,47,1897.0000,0.9794,22.7692,1184.0000,55.0000
stationary,random,48,2001.0000,1.0000,22.0192,1145.0000,0.0000
stationary,random,49,1987.0000,0.9612,17.8654,929.0000,100.0000
stationary,random,50,1820.0000,0.9712,22.0577,1147.0000,75.0000
stationary,random,51,1767.0000,0.9807,22.5577,1173.0000,50.0000
stationary,random,52,1803.0000,0.9981,24.8462,1292.0000,5.0000
stationary,random,53,1574.0000,0.9151,20.0385,1042.0000,220.0000
stationary,random,54,1785.0000,1.0000,24.9423,1297.0000,0.0000
stationary,random,55,1794.0000,0.9961,23.9231,1244.0000,10.0000
stationary,random,56,2101.0000,0.9814,18.6731,971.0000,50.0000
stationary,random,57,1648.0000,0.9880,24.5000,1274.0000,30.0000
stationary,random,58,1942.0000,0.9945,24.3269,1265.0000,15.0000
stationary,random,59,1646.0000,0.9923,27.6154,1436.0000,20.0000
stationary,random,60,2015.0000,0.9963,21.7885,1133.0000,10.0000
stationary,random,61,1911.0000,0.9292,16.7885,873.0000,190.0000
stationary,random,62,1577.0000,0.9530,22.0000,1144.0000,115.0000
stationary,random,63,1691.0000,0.9537,20.7308,1078.0000,115.0000
stationary,random,64,1778.0000,1.0000,24.6538,1282.0000,0.0000
stationary,random,65,1951.0000,0.9571,19.5385,1016.0000,115.0000
stationary,random,66,1809.0000,1.0000,24.5192,1275.0000,0.0000
stationary,random,67,1711.0000,0.9714,24.5000,1274.0000,75.0000
stationary,random,68,1707.0000,0.9924,26.4423,1375.0000,20.0000
stationary,random,69,1891.0000,0.9981,24.1538,1256.0000,5.0000
stationary,random,70,2276.0000,0.9876,19.2115,999.0000,35.0000
stationary,random,71,1748.0000,1.0000,23.6538,1230.0000,0.0000
stationary,random,72,1573.0000,0.9654,23.0385,1198.0000,85.0000
stationary,random,73,1660.0000,1.0000,25.6154,1332.0000,0.0000
stationary,random,74,1785.0000,0.9802,21.1731,1101.0000,50.0000
stationary,random,75,1539.0000,0.9836,25.7885,1341.0000,40.0000
stationary,random,76,1691.0000,0.9776,22.3077,1160.0000,55.0000
stationary,random,77,1262.0000,0.9700,26.8846,1398.0000,70.0000
stationary,random,78,1629.0000,0.9689,24.2115,1259.0000,80.0000
stationary,random,79,1744.0000,0.9922,25.3077,1316.0000,20.0000
stationary,random,80,1832.0000,0.9962,25.5769,1330.0000,10.0000
stationary,random,81,2053.0000,0.9684,18.6154,968.0000,85.0000
stationary,random,82,1742.0000,0.9961,25.7692,1340.0000,10.0000
stationary,random,83,2229.0000,0.9964,20.1731,1049.0000,10.0000
stationary,random,84,1731.0000,0.9922,24.7885,1289.0000,20.0000
stationary,random,85,1494.0000,0.9790,24.1923,1258.0000,50.0000
stationary,random,86,1494.0000,1.0000,27.5000,1430.0000,0.0000
stationary,random,87,1903.0000,0.9041,17.7115,921.0000,270.0000
stationary,random,88,2218.0000,0.9571,16.1154,838.0000,120.0000
stationary,random,89,1666.0000,0.9660,22.0577,1147.0000,85.0000
stationary,random,90,2044.0000,0.9925,20.7308,1078.0000,20.0000
stationary,random,91,1833.0000,0.9961,23.5577,1225.0000,10.0000
stationary,random,92,1767.0000,1.0000,23.4038,1217.0000,0.0000
stationary,random,93,1845.0000,0.9151,16.9423,881.0000,230.0000
stationary,random,94,1858.0000,0.9734,21.5000,1118.0000,70.0000
stationary,random,95,1655.0000,0.9902,26.5000,1378.0000,25.0000
stationary,random,96,1914.0000,0.9701,21.6538,1126.0000,80.0000
stationary,random,97,1759.0000,0.9494,20.7500,1079.0000,130.0000
stationary,random,98,1799.0000,0.9944,25.9615,1350.0000,15.0000
stationary,random,99,1714.0000,0.9674,20.3846,1060.0000,80.0000
stationary,base_stock,0,2583.0000,0.9710,6.4231,334.0000,75.0000
stationary,base_stock,1,2479.0000,0.9959,7.2500,377.0000,10.0000
stationary,base_stock,2,2404.0000,0.9756,7.5000,390.0000,60.0000
stationary,base_stock,3,2899.0000,0.9781,5.0577,263.0000,60.0000
stationary,base_stock,4,2485.0000,0.9703,6.9231,360.0000,75.0000
stationary,base_stock,5,2555.0000,0.9860,6.9615,362.0000,35.0000
stationary,base_stock,6,2752.0000,0.9811,5.7308,298.0000,50.0000
stationary,base_stock,7,2685.0000,0.9716,6.1154,318.0000,75.0000
stationary,base_stock,8,2709.0000,0.9865,6.3077,328.0000,35.0000
stationary,base_stock,9,2567.0000,1.0000,7.2885,379.0000,0.0000
stationary,base_stock,10,2777.0000,0.9619,5.3462,278.0000,105.0000
stationary,base_stock,11,2729.0000,1.0000,6.3654,331.0000,0.0000
stationary,base_stock,12,2773.0000,0.9775,5.6346,293.0000,60.0000
stationary,base_stock,13,2835.0000,0.9624,5.1538,268.0000,105.0000
stationary,base_stock,14,2798.0000,0.9868,5.7500,299.0000,35.0000
stationary,base_stock,15,2695.0000,0.9662,5.8654,305.0000,90.0000
stationary,base_stock,16,2779.0000,0.9812,5.5577,289.0000,50.0000
stationary,base_stock,17,2504.0000,0.9555,6.6346,345.0000,115.0000
stationary,base_stock,18,2585.0000,0.9841,6.7500,351.0000,40.0000
stationary,base_stock,19,2697.0000,0.9922,6.5192,339.0000,20.0000
stationary,base_stock,20,2626.0000,0.9530,5.9808,311.0000,125.0000
stationary,base_stock,21,2767.0000,0.9923,5.9423,309.0000,20.0000
stationary,base_stock,22,2830.0000,0.9742,5.2692,274.0000,70.0000
stationary,base_stock,23,2707.0000,0.9790,6.0769,316.0000,55.0000
stationary,base_stock,24,2655.0000,0.9750,6.1923,322.0000,65.0000
stationary,base_stock,25,2666.0000,0.9844,6.5000,338.0000,40.0000
stationary,base_stock,26,2551.0000,0.9763,6.9038,359.0000,60.0000
stationary,base_stock,27,2679.0000,0.9539,5.7308,298.0000,125.0000
stationary,base_stock,28,2819.0000,0.9962,6.0962,317.0000,10.0000
stationary,base_stock,29,2424.0000,0.9697,7.3269,381.0000,75.0000
stationary,base_stock,30,2637.0000,0.9804,6.2885,327.0000,50.0000
stationary,base_stock,31,2669.0000,0.9695,6.1346,319.0000,80.0000
stationary,base_stock,32,2770.0000,0.9885,5.6923,296.0000,30.0000
stationary,base_stock,33,2851.0000,0.9869,5.5385,288.0000,35.0000
stationary,base_stock,34,2728.0000,0.9646,5.7500,299.0000,95.0000
stationary,base_stock,35,2714.0000,0.9808,5.8077,302.0000,50.0000
stationary,base_stock,36,2787.0000,0.9705,5.9423,309.0000,80.0000
stationary,base_stock,37,2757.0000,0.9811,5.7885,301.0000,50.0000
stationary,base_stock,38,2844.0000,0.9675,5.4231,282.0000,90.0000
stationary,base_stock,39,2815.0000,0.9868,6.0385,314.0000,35.0000
stationary,base_stock,40,2652.0000,0.9751,6.0962,317.0000,65.0000
stationary,base_stock,41,2737.0000,0.9846,5.9423,309.0000,40.0000
stationary,base_stock,42,2504.0000,0.9609,6.9615,362.0000,100.0000
stationary,base_stock,43,2652.0000,0.9678,6.3269,329.0000,85.0000
stationary,base_stock,44,2646.0000,0.9519,5.9231,308.0000,130.0000
stationary,base_stock,45,2751.0000,0.9810,5.7885,301.0000,50.0000
stationary,base_stock,46,2741.0000,0.9773,6.0577,315.0000,60.0000
stationary,base_stock,47,2775.0000,0.9720,5.5769,290.0000,75.0000
stationary,base_stock,48,2693.0000,0.9789,6.0000,312.0000,55.0000
stationary,base_stock,49,2694.0000,0.9845,6.0385,314.0000,40.0000
stationary,base_stock,50,2634.0000,0.9692,6.3462,330.0000,80.0000
stationary,base_stock,51,2716.0000,0.9827,5.7500,299.0000,45.0000
stationary,base_stock,52,2740.0000,0.9903,6.2885,327.0000,25.0000
stationary,base_stock,53,2713.0000,0.9884,6.3269,329.0000,30.0000
stationary,base_stock,54,2688.0000,0.9884,6.3077,328.0000,30.0000
stationary,base_stock,55,2642.0000,0.9863,6.4038,333.0000,35.0000
stationary,base_stock,56,2844.0000,0.9851,5.1923,270.0000,40.0000
stationary,base_stock,57,2509.0000,0.9799,7.0962,369.0000,50.0000
stationary,base_stock,58,2857.0000,0.9763,5.5385,288.0000,65.0000
stationary,base_stock,59,2636.0000,0.9712,6.2500,325.0000,75.0000
stationary,base_stock,60,2704.0000,0.9645,6.0962,317.0000,95.0000
stationary,base_stock,61,2676.0000,0.9609,6.0577,315.0000,105.0000
stationary,base_stock,62,2535.0000,0.9939,7.4231,386.0000,15.0000
stationary,base_stock,63,2395.0000,0.9658,7.3077,380.0000,85.0000
stationary,base_stock,64,2619.0000,0.9803,6.5192,339.0000,50.0000
stationary,base_stock,65,2788.0000,0.9757,5.4808,285.0000,65.0000
stationary,base_stock,66,2633.0000,0.9787,6.1923,322.0000,55.0000
stationary,base_stock,67,2721.0000,0.9771,6.0962,317.0000,60.0000
stationary,base_stock,68,2704.0000,0.9714,5.7885,301.0000,75.0000
stationary,base_stock,69,2755.0000,0.9885,6.0962,317.0000,30.0000
stationary,base_stock,70,2896.0000,0.9610,5.1154,266.0000,110.0000
stationary,base_stock,71,2574.0000,0.9860,6.8269,355.0000,35.0000
stationary,base_stock,72,2471.0000,0.9817,7.6154,396.0000,45.0000
stationary,base_stock,73,2610.0000,0.9940,6.6346,345.0000,15.0000
stationary,base_stock,74,2616.0000,0.9881,6.8077,354.0000,30.0000
stationary,base_stock,75,2425.0000,0.9836,7.2115,375.0000,40.0000
stationary,base_stock,76,2562.0000,0.9919,6.6538,346.0000,20.0000
stationary,base_stock,77,2366.0000,0.9957,7.9615,414.0000,10.0000
stationary,base_stock,78,2559.0000,0.9689,6.7115,349.0000,80.0000
stationary,base_stock,79,2662.0000,0.9787,6.4038,333.0000,55.0000
stationary,base_stock,80,2669.0000,0.9733,6.1731,321.0000,70.0000
stationary,base_stock,81,2757.0000,0.9721,5.5000,286.0000,75.0000
stationary,base_stock,82,2635.0000,0.9767,6.4808,337.0000,60.0000
stationary,base_stock,83,2926.0000,0.9782,5.0385,262.0000,60.0000
stationary,base_stock,84,2684.0000,0.9922,6.3846,332.0000,20.0000
stationary,base_stock,85,2414.0000,0.9916,7.7692,404.0000,20.0000
stationary,base_stock,86,2446.0000,0.9917,7.5769,394.0000,20.0000
stationary,base_stock,87,2907.0000,0.9663,5.0385,262.0000,95.0000
stationary,base_stock,88,2959.0000,0.9732,4.5385,236.0000,75.0000
stationary,base_stock,89,2524.0000,0.9780,6.8269,355.0000,55.0000
stationary,base_stock,90,2760.0000,0.9793,5.8654,305.0000,55.0000
stationary,base_stock,91,2634.0000,0.9843,6.5000,338.0000,40.0000
stationary,base_stock,92,2534.0000,0.9919,7.0385,366.0000,20.0000
stationary,base_stock,93,2865.0000,0.9852,5.3654,279.0000,40.0000
stationary,base_stock,94,2760.0000,0.9829,5.8269,303.0000,45.0000
stationary,base_stock,95,2550.0000,0.9724,6.6154,344.0000,70.0000
stationary,base_stock,96,2816.0000,0.9795,5.3654,279.0000,55.0000
stationary,base_stock,97,2554.0000,0.9650,6.3846,332.0000,90.0000
stationary,base_stock,98,2790.0000,0.9850,5.7692,300.0000,40.0000
stationary,base_stock,99,2522.0000,0.9898,7.0962,369.0000,25.0000
stationary,q_learning,0,2503.0000,0.9807,9.0192,469.0000,50.0000
stationary,q_learning,1,2406.0000,1.0000,9.8462,512.0000,0.0000
stationary,q_learning,2,2287.0000,0.9756,9.7500,507.0000,60.0000
stationary,q_learning,3,2826.0000,0.9964,8.1923,426.0000,10.0000
stationary,q_learning,4,2405.0000,0.9822,9.7308,506.0000,45.0000
stationary,q_learning,5,2413.0000,0.9860,9.3077,484.0000,35.0000
stationary,q_learning,6,2686.0000,0.9981,8.9038,463.0000,5.0000
stationary,q_learning,7,2591.0000,0.9811,8.5962,447.0000,50.0000
stationary,q_learning,8,2664.0000,0.9961,8.6154,448.0000,10.0000
stationary,q_learning,9,2402.0000,1.0000,10.0769,524.0000,0.0000
stationary,q_learning,10,2765.0000,0.9800,7.6923,400.0000,55.0000
stationary,q_learning,11,2599.0000,1.0000,9.2500,481.0000,0.0000
stationary,q_learning,12,2630.0000,0.9775,8.7692,456.0000,60.0000
stationary,q_learning,13,2794.0000,0.9785,7.8462,408.0000,60.0000
stationary,q_learning,14,2681.0000,0.9981,8.8846,462.0000,5.0000
stationary,q_learning,15,2630.0000,0.9850,8.8462,460.0000,40.0000
stationary,q_learning,16,2600.0000,0.9812,9.0000,468.0000,50.0000
stationary,q_learning,17,2472.0000,0.9749,8.9808,467.0000,65.0000
stationary,q_learning,18,2488.0000,1.0000,9.9231,516.0000,0.0000
stationary,q_learning,19,2583.0000,0.9961,9.1346,475.0000,10.0000
stationary,q_learning,20,2716.0000,0.9906,8.4808,441.0000,25.0000
stationary,q_learning,21,2618.0000,0.9923,9.1923,478.0000,20.0000
stationary,q_learning,22,2710.0000,0.9853,8.4615,440.0000,40.0000
stationary,q_learning,23,2601.0000,0.9847,9.1346,475.0000,40.0000
stationary,q_learning,24,2542.0000,0.9865,9.2500,481.0000,35.0000
stationary,q_learning,25,2584.0000,0.9980,9.5577,497.0000,5.0000
stationary,q_learning,26,2443.0000,0.9783,9.5769,498.0000,55.0000
stationary,q_learning,27,2656.0000,0.9760,8.3269,433.0000,65.0000
stationary,q_learning,28,2654.0000,0.9962,9.2692,482.0000,10.0000
stationary,q_learning,29,2331.0000,0.9818,10.0000,520.0000,45.0000
stationary,q_learning,30,2558.0000,0.9921,9.4615,492.0000,20.0000
stationary,q_learning,31,2608.0000,0.9905,8.8654,461.0000,25.0000
stationary,q_learning,32,2646.0000,0.9943,9.0962,473.0000,15.0000
stationary,q_learning,33,2735.0000,0.9944,8.2308,428.0000,15.0000
stationary,q_learning,34,2766.0000,0.9925,8.1923,426.0000,20.0000
stationary,q_learning,35,2567.0000,0.9866,8.8846,462.0000,35.0000
stationary,q_learning,36,2677.0000,0.9797,8.3462,434.0000,55.0000
stationary,q_learning,37,2697.0000,0.9905,8.3846,436.0000,25.0000
stationary,q_learning,38,2783.0000,0.9765,8.0385,418.0000,65.0000
stationary,q_learning,39,2741.0000,0.9962,8.5192,443.0000,10.0000
stationary,q_learning,40,2608.0000,0.9923,8.8462,460.0000,20.0000
stationary,q_learning,41,2631.0000,0.9923,8.8269,459.0000,20.0000
stationary,q_learning,42,2460.0000,0.9804,9.1538,476.0000,50.0000
stationary,q_learning,43,2591.0000,0.9848,9.0192,469.0000,40.0000
stationary,q_learning,44,2642.0000,0.9796,8.7885,457.0000,55.0000
stationary,q_learning,45,2651.0000,0.9886,8.9423,465.0000,30.0000
stationary,q_learning,46,2688.0000,0.9905,8.5577,445.0000,25.0000
stationary,q_learning,47,2800.0000,1.0000,8.6538,450.0000,0.0000
stationary,q_learning,48,2659.0000,0.9942,8.7308,454.0000,15.0000
stationary,q_learning,49,2603.0000,0.9942,9.2308,480.0000,15.0000
stationary,q_learning,50,2514.0000,0.9750,9.2885,483.0000,65.0000
stationary,q_learning,51,2582.0000,0.9923,9.0000,468.0000,20.0000
stationary,q_learning,52,2625.0000,0.9942,8.9231,464.0000,15.0000
stationary,q_learning,53,2640.0000,0.9961,8.9615,466.0000,10.0000
stationary,q_learning,54,2604.0000,0.9981,8.9808,467.0000,5.0000
stationary,q_learning,55,2544.0000,0.9961,9.3462,486.0000,10.0000
stationary,q_learning,56,2735.0000,0.9926,8.1346,423.0000,20.0000
stationary,q_learning,57,2387.0000,0.9880,9.9038,515.0000,30.0000
stationary,q_learning,58,2746.0000,0.9818,7.9231,412.0000,50.0000
stationary,q_learning,59,2553.0000,0.9808,9.2885,483.0000,50.0000
stationary,q_learning,60,2620.0000,0.9832,9.0577,471.0000,45.0000
stationary,q_learning,61,2650.0000,0.9702,8.0000,416.0000,80.0000
stationary,q_learning,62,2395.0000,0.9939,10.1154,526.0000,15.0000
stationary,q_learning,63,2365.0000,0.9819,9.5769,498.0000,45.0000
stationary,q_learning,64,2552.0000,0.9961,9.5000,494.0000,10.0000
stationary,q_learning,65,2755.0000,0.9907,8.1923,426.0000,25.0000
stationary,q_learning,66,2585.0000,0.9961,9.0192,469.0000,10.0000
stationary,q_learning,67,2632.0000,0.9867,8.8654,461.0000,35.0000
stationary,q_learning,68,2656.0000,0.9905,8.8269,459.0000,25.0000
stationary,q_learning,69,2627.0000,0.9904,8.3846,436.0000,25.0000
stationary,q_learning,70,2878.0000,0.9787,7.5769,394.0000,60.0000
stationary,q_learning,71,2475.0000,0.9960,9.4038,489.0000,10.0000
stationary,q_learning,72,2421.0000,0.9959,10.0577,523.0000,10.0000
stationary,q_learning,73,2500.0000,0.9940,9.5192,495.0000,15.0000
stationary,q_learning,74,2498.0000,0.9901,9.6731,503.0000,25.0000
stationary,q_learning,75,2306.0000,0.9877,10.3077,536.0000,30.0000
stationary,q_learning,76,2364.0000,0.9980,10.7115,557.0000,5.0000
stationary,q_learning,77,2256.0000,1.0000,10.8846,566.0000,0.0000
stationary,q_learning,78,2450.0000,0.9805,9.6923,504.0000,50.0000
stationary,q_learning,79,2492.0000,0.9826,9.3269,485.0000,45.0000
stationary,q_learning,80,2674.0000,1.0000,8.6538,450.0000,0.0000
stationary,q_learning,81,2652.0000,0.9796,8.3654,435.0000,55.0000
stationary,q_learning,82,2570.0000,0.9864,9.1731,477.0000,35.0000
stationary,q_learning,83,2875.0000,0.9964,7.3654,383.0000,10.0000
stationary,q_learning,84,2555.0000,0.9922,9.2500,481.0000,20.0000
stationary,q_learning,85,2307.0000,1.0000,10.2885,535.0000,0.0000
stationary,q_learning,86,2338.0000,1.0000,10.5000,546.0000,0.0000
stationary,q_learning,87,2842.0000,0.9769,7.9423,413.0000,65.0000
stationary,q_learning,88,2841.0000,0.9821,7.4808,389.0000,50.0000
stationary,q_learning,89,2421.0000,0.9820,9.6154,500.0000,45.0000
stationary,q_learning,90,2662.0000,0.9887,8.4231,438.0000,30.0000
stationary,q_learning,91,2468.0000,0.9863,9.5192,495.0000,35.0000
stationary,q_learning,92,2404.0000,0.9919,9.5385,496.0000,20.0000
stationary,q_learning,93,2761.0000,0.9908,8.0000,416.0000,25.0000
stationary,q_learning,94,2630.0000,0.9829,8.7115,453.0000,45.0000
stationary,q_learning,95,2421.0000,0.9843,9.9808,519.0000,40.0000
stationary,q_learning,96,2739.0000,0.9981,8.5769,446.0000,5.0000
stationary,q_learning,97,2445.0000,0.9747,9.1538,476.0000,65.0000
stationary,q_learning,98,2731.0000,0.9944,8.7308,454.0000,15.0000
stationary,q_learning,99,2426.0000,1.0000,9.6154,500.0000,0.0000
stationary,ppo,0,2488.0000,0.9323,4.4038,229.0000,175.0000
stationary,ppo,1,2540.0000,0.9772,4.5577,237.0000,55.0000
stationary,ppo,2,2210.0000,0.9145,4.8846,254.0000,210.0000
stationary,ppo,3,2633.0000,0.9235,3.4423,179.0000,210.0000
stationary,ppo,4,2239.0000,0.9030,4.8462,252.0000,245.0000
stationary,ppo,5,2303.0000,0.9259,5.0769,264.0000,185.0000
stationary,ppo,6,2603.0000,0.9396,3.9423,205.0000,160.0000
stationary,ppo,7,2518.0000,0.9242,4.0385,210.0000,200.0000
stationary,ppo,8,2679.0000,0.9576,3.7115,193.0000,110.0000
stationary,ppo,9,2467.0000,0.9613,5.1923,270.0000,95.0000
stationary,ppo,10,2479.0000,0.8984,3.6731,191.0000,280.0000
stationary,ppo,11,2464.0000,0.9373,4.6923,244.0000,160.0000
stationary,ppo,12,2594.0000,0.9306,3.7885,197.0000,185.0000
stationary,ppo,13,2600.0000,0.9070,3.1154,162.0000,260.0000
stationary,ppo,14,2615.0000,0.9414,4.1923,218.0000,155.0000
stationary,ppo,15,2447.0000,0.9099,4.6731,243.0000,240.0000
stationary,ppo,16,2628.0000,0.9343,3.1731,165.0000,175.0000
stationary,ppo,17,2561.0000,0.9497,4.5192,235.0000,130.0000
stationary,ppo,18,2572.0000,0.9623,4.6731,243.0000,95.0000
stationary,ppo,19,2534.0000,0.9529,5.0385,262.0000,120.0000
stationary,ppo,20,2559.0000,0.9248,4.0962,213.0000,200.0000
stationary,ppo,21,2603.0000,0.9481,4.6154,240.0000,135.0000
stationary,ppo,22,2613.0000,0.9190,3.0962,161.0000,220.0000
stationary,ppo,23,2594.0000,0.9370,3.5962,187.0000,165.0000
stationary,ppo,24,2444.0000,0.9269,4.5769,238.0000,190.0000
stationary,ppo,25,2476.0000,0.9375,5.0769,264.0000,160.0000
stationary,ppo,26,2572.0000,0.9606,4.8077,250.0000,100.0000
stationary,ppo,27,2330.0000,0.8801,4.3654,227.0000,325.0000
stationary,ppo,28,2659.0000,0.9522,3.9231,204.0000,125.0000
stationary,ppo,29,2196.0000,0.9091,5.3654,279.0000,225.0000
stationary,ppo,30,2435.0000,0.9312,4.5000,234.0000,175.0000
stationary,ppo,31,2574.0000,0.9370,4.3654,227.0000,165.0000
stationary,ppo,32,2616.0000,0.9464,4.0000,208.0000,140.0000
stationary,ppo,33,2581.0000,0.9216,3.7115,193.0000,210.0000
stationary,ppo,34,2685.0000,0.9403,3.4423,179.0000,160.0000
stationary,ppo,35,2580.0000,0.9405,3.9423,205.0000,155.0000
stationary,ppo,36,2566.0000,0.9170,3.6731,191.0000,225.0000
stationary,ppo,37,2549.0000,0.9318,4.2885,223.0000,180.0000
stationary,ppo,38,2612.0000,0.9134,3.1538,164.0000,240.0000
stationary,ppo,39,2582.0000,0.9322,4.0000,208.0000,180.0000
stationary,ppo,40,2626.0000,0.9521,4.0577,211.0000,125.0000
stationary,ppo,41,2689.0000,0.9653,4.3654,227.0000,90.0000
stationary,ppo,42,2461.0000,0.9413,5.2885,275.0000,150.0000
stationary,ppo,43,2492.0000,0.9205,4.1154,214.0000,210.0000
stationary,ppo,44,2370.0000,0.8926,4.4615,232.0000,290.0000
stationary,ppo,45,2715.0000,0.9545,3.5192,183.0000,120.0000
stationary,ppo,46,2513.0000,0.9242,4.5192,235.0000,200.0000
stationary,ppo,47,2662.0000,0.9439,4.1923,218.0000,150.0000
stationary,ppo,48,2493.0000,0.9309,4.5577,237.0000,180.0000
stationary,ppo,49,2510.0000,0.9360,4.2885,223.0000,165.0000
stationary,ppo,50,2549.0000,0.9404,4.4231,230.0000,155.0000
stationary,ppo,51,2634.0000,0.9538,3.7692,196.0000,120.0000
stationary,ppo,52,2665.0000,0.9613,4.1731,217.0000,100.0000
stationary,ppo,53,2639.0000,0.9595,4.1923,218.0000,105.0000
stationary,ppo,54,2774.0000,0.9787,3.9808,207.0000,55.0000
stationary,ppo,55,2665.0000,0.9707,4.6538,242.0000,75.0000
stationary,ppo,56,2649.0000,0.9348,3.6154,188.0000,175.0000
stationary,ppo,57,2585.0000,0.9699,4.5769,238.0000,75.0000
stationary,ppo,58,2682.0000,0.9307,3.6154,188.0000,190.0000
stationary,ppo,59,2517.0000,0.9328,4.3077,224.0000,175.0000
stationary,ppo,60,2654.0000,0.9364,3.5000,182.0000,170.0000
stationary,ppo,61,2525.0000,0.9143,3.6731,191.0000,230.0000
stationary,ppo,62,2455.0000,0.9571,5.1538,268.0000,105.0000
stationary,ppo,63,2358.0000,0.9356,5.2308,272.0000,160.0000
stationary,ppo,64,2384.0000,0.9311,5.3654,279.0000,175.0000
stationary,ppo,65,2542.0000,0.9198,3.8654,201.0000,215.0000
stationary,ppo,66,2541.0000,0.9419,4.3269,225.0000,150.0000
stationary,ppo,67,2740.0000,0.9581,3.2308,168.0000,110.0000
stationary,ppo,68,2683.0000,0.9524,3.6923,192.0000,125.0000
stationary,ppo,69,2680.0000,0.9503,3.3077,172.0000,130.0000
stationary,ppo,70,2477.0000,0.8812,3.2692,170.0000,335.0000
stationary,ppo,71,2505.0000,0.9561,4.9808,259.0000,110.0000
stationary,ppo,72,2431.0000,0.9511,5.2115,271.0000,120.0000
stationary,ppo,73,2559.0000,0.9598,4.4038,229.0000,100.0000
stationary,ppo,74,2475.0000,0.9407,4.4423,231.0000,150.0000
stationary,ppo,75,2386.0000,0.9529,5.1731,269.0000,115.0000
stationary,ppo,76,2181.0000,0.9106,5.9038,307.0000,220.0000
stationary,ppo,77,2381.0000,0.9743,5.9423,309.0000,60.0000
stationary,ppo,78,2434.0000,0.9319,5.0962,265.0000,175.0000
stationary,ppo,79,2612.0000,0.9554,4.4423,231.0000,115.0000
stationary,ppo,80,2574.0000,0.9313,3.3462,174.0000,180.0000
stationary,ppo,81,2667.0000,0.9349,3.3846,176.0000,175.0000
stationary,ppo,82,2519.0000,0.9377,4.4808,233.0000,160.0000
stationary,ppo,83,2776.0000,0.9436,3.1346,163.0000,155.0000
stationary,ppo,84,2457.0000,0.9392,5.0385,262.0000,155.0000
stationary,ppo,85,2317.0000,0.9560,6.0385,314.0000,105.0000
stationary,ppo,86,2421.0000,0.9690,5.7308,298.0000,75.0000
stationary,ppo,87,2474.0000,0.8792,3.3846,176.0000,340.0000
stationary,ppo,88,2725.0000,0.9286,3.3654,175.0000,200.0000
stationary,ppo,89,2406.0000,0.9420,5.6731,295.0000,145.0000
stationary,ppo,90,2704.0000,0.9510,3.7692,196.0000,130.0000
stationary,ppo,91,2600.0000,0.9549,3.9808,207.0000,115.0000
stationary,ppo,92,2515.0000,0.9656,4.6538,242.0000,85.0000
stationary,ppo,93,2653.0000,0.9299,3.4808,181.0000,190.0000
stationary,ppo,94,2686.0000,0.9545,4.0769,212.0000,120.0000
stationary,ppo,95,2473.0000,0.9449,4.7500,247.0000,140.0000
stationary,ppo,96,2587.0000,0.9254,3.6346,189.0000,200.0000
stationary,ppo,97,2501.0000,0.9455,5.2885,275.0000,140.0000
stationary,ppo,98,2597.0000,0.9362,4.3654,227.0000,170.0000
stationary,ppo,99,2323.0000,0.9267,4.7500,247.0000,180.0000
seasonal,random,0,1467.0000,0.8838,20.6923,1076.0000,315.0000
seasonal,random,1,1279.0000,0.9557,25.7308,1338.0000,105.0000
seasonal,random,2,1434.0000,0.9798,27.7692,1444.0000,50.0000
seasonal,random,3,1809.0000,0.9451,21.6346,1125.0000,150.0000
seasonal,random,4,1529.0000,0.9939,27.6154,1436.0000,15.0000
seasonal,random,5,1420.0000,0.9916,27.5385,1432.0000,20.0000
seasonal,random,6,1701.0000,0.9545,24.0385,1250.0000,125.0000
seasonal,random,7,1044.0000,0.8068,19.0192,989.0000,515.0000
seasonal,random,8,1589.0000,0.9675,23.5962,1227.0000,80.0000
seasonal,random,9,1417.0000,0.9303,22.5769,1174.0000,175.0000
seasonal,random,10,1690.0000,0.9467,23.7500,1235.0000,145.0000
seasonal,random,11,1849.0000,0.9691,21.2115,1103.0000,80.0000
seasonal,random,12,1195.0000,0.8908,23.9808,1247.0000,280.0000
seasonal,random,13,1941.0000,0.9926,24.0192,1249.0000,20.0000
seasonal,random,14,1585.0000,0.9466,22.3462,1162.0000,135.0000
seasonal,random,15,1573.0000,0.9518,24.5769,1278.0000,125.0000
seasonal,random,16,1572.0000,0.9405,23.4038,1217.0000,155.0000
seasonal,random,17,1935.0000,1.0000,25.4038,1321.0000,0.0000
seasonal,random,18,1402.0000,0.9327,23.6538,1230.0000,170.0000
seasonal,random,19,1557.0000,0.8974,21.2115,1103.0000,280.0000
seasonal,random,20,1377.0000,0.8760,20.3846,1060.0000,325.0000
seasonal,random,21,1373.0000,0.9157,23.3462,1214.0000,215.0000
seasonal,random,22,1583.0000,0.9563,26.1538,1360.0000,115.0000
seasonal,random,23,1320.0000,0.8715,21.3462,1110.0000,340.0000
seasonal,random,24,1484.0000,0.9417,24.5385,1276.0000,150.0000
seasonal,random,25,1251.0000,0.9336,26.6154,1384.0000,165.0000
seasonal,random,26,1461.0000,0.9022,20.6731,1075.0000,250.0000
seasonal,random,27,1417.0000,0.8838,22.7885,1185.0000,320.0000
seasonal,random,28,2014.0000,0.9747,22.8846,1190.0000,70.0000
seasonal,random,29,1224.0000,0.9012,24.6538,1282.0000,250.0000
seasonal,random,30,1392.0000,0.9295,24.2692,1262.0000,180.0000
seasonal,random,31,1615.0000,0.9257,22.9423,1193.0000,200.0000
seasonal,random,32,1791.0000,0.9357,20.0000,1040.0000,175.0000
seasonal,random,33,1713.0000,0.9224,21.9615,1142.0000,215.0000
seasonal,random,34,1396.0000,0.9121,25.0962,1305.0000,235.0000
seasonal,random,35,1346.0000,0.8939,21.1154,1098.0000,270.0000
seasonal,random,36,1659.0000,0.9304,21.9038,1139.0000,190.0000
seasonal,random,37,1472.0000,0.9659,25.4808,1325.0000,85.0000
seasonal,random,38,1843.0000,0.9484,22.8077,1186.0000,145.0000
seasonal,random,39,1846.0000,0.9719,22.5962,1175.0000,75.0000
seasonal,random,40,1341.0000,0.8707,20.5769,1070.0000,335.0000
seasonal,random,41,1870.0000,0.9867,24.1346,1255.0000,35.0000
seasonal,random,42,1203.0000,0.8462,22.8654,1189.0000,420.0000
seasonal,random,43,966.0000,0.8472,23.4423,1219.0000,385.0000
seasonal,random,44,1690.0000,0.9738,22.5577,1173.0000,65.0000
seasonal,random,45,1587.0000,0.9210,20.8462,1084.0000,205.0000
seasonal,random,46,1486.0000,0.9305,24.3462,1266.0000,180.0000
seasonal,random,47,1427.0000,0.9132,21.8269,1135.0000,220.0000
seasonal,random,48,1508.0000,0.9034,21.5192,1119.0000,255.0000
seasonal,random,49,1464.0000,0.8930,20.2885,1055.0000,275.0000
seasonal,random,50,1259.0000,0.8802,21.6923,1128.0000,305.0000
seasonal,random,51,1222.0000,0.8959,24.1731,1257.0000,265.0000
seasonal,random,52,1579.0000,0.9326,22.3462,1162.0000,175.0000
seasonal,random,53,798.0000,0.8024,21.5962,1123.0000,495.0000
seasonal,random,54,1688.0000,0.9364,23.3654,1215.0000,175.0000
seasonal,random,55,1177.0000,0.9078,24.1538,1256.0000,225.0000
seasonal,random,56,1503.0000,0.8627,19.3654,1007.0000,390.0000
seasonal,random,57,1052.0000,0.9043,26.0192,1353.0000,235.0000
seasonal,random,58,1703.0000,0.9333,23.4615,1220.0000,185.0000
seasonal,random,59,1525.0000,0.9803,27.0962,1409.0000,50.0000
seasonal,random,60,1203.0000,0.8774,22.0769,1148.0000,315.0000
seasonal,random,61,654.0000,0.7769,22.1923,1154.0000,570.0000
seasonal,random,62,1592.0000,0.9196,20.3269,1057.0000,205.0000
seasonal,random,63,1041.0000,0.8794,23.9808,1247.0000,290.0000
seasonal,random,64,1788.0000,0.9430,21.9808,1143.0000,155.0000
seasonal,random,65,1376.0000,0.8505,19.9423,1037.0000,415.0000
seasonal,random,66,1787.0000,0.9846,24.0962,1253.0000,40.0000
seasonal,random,67,1294.0000,0.9342,24.8077,1290.0000,160.0000
seasonal,random,68,1756.0000,0.9923,25.7308,1338.0000,20.0000
seasonal,random,69,1770.0000,0.9730,23.2308,1208.0000,70.0000
seasonal,random,70,1491.0000,0.8905,20.5577,1069.0000,300.0000
seasonal,random,71,1335.0000,0.8684,20.6731,1075.0000,350.0000
seasonal,random,72,1064.0000,0.9000,24.9231,1296.0000,240.0000
seasonal,random,73,1131.0000,0.9137,24.5385,1276.0000,205.0000
seasonal,random,74,1473.0000,0.8831,21.6923,1128.0000,325.0000
seasonal,random,75,1281.0000,0.9184,24.2115,1259.0000,200.0000
seasonal,random,76,1123.0000,0.8317,20.5192,1067.0000,440.0000
seasonal,random,77,1405.0000,0.9690,25.9615,1350.0000,75.0000
seasonal,random,78,1384.0000,0.9272,23.7885,1237.0000,185.0000
seasonal,random,79,1125.0000,0.8882,24.6346,1281.0000,280.0000
seasonal,random,80,2006.0000,0.9679,23.1154,1202.0000,90.0000
seasonal,random,81,1395.0000,0.9232,24.4423,1271.0000,200.0000
seasonal,random,82,1812.0000,0.9775,24.5000,1274.0000,60.0000
seasonal,random,83,1191.0000,0.8399,20.6923,1076.0000,425.0000
seasonal,random,84,1391.0000,0.9136,22.8269,1187.0000,220.0000
seasonal,random,85,980.0000,0.8551,22.8269,1187.0000,355.0000
seasonal,random,86,1170.0000,1.0000,30.0385,1562.0000,0.0000
seasonal,random,87,1172.0000,0.8011,19.5000,1014.0000,560.0000
seasonal,random,88,1165.0000,0.8126,19.5577,1017.0000,520.0000
seasonal,random,89,963.0000,0.8125,21.4615,1116.0000,495.0000
seasonal,random,90,1684.0000,0.9345,21.5962,1123.0000,175.0000
seasonal,random,91,1837.0000,0.9802,21.2115,1103.0000,50.0000
seasonal,random,92,1066.0000,0.8875,23.8462,1240.0000,270.0000
seasonal,random,93,773.0000,0.7624,20.4231,1062.0000,645.0000
seasonal,random,94,1448.0000,0.9484,24.5000,1274.0000,130.0000
seasonal,random,95,1259.0000,0.9194,26.6154,1384.0000,205.0000
seasonal,random,96,874.0000,0.7942,23.0000,1196.0000,570.0000
seasonal,random,97,1287.0000,0.8608,19.2500,1001.0000,350.0000
seasonal,random,98,1276.0000,0.9435,26.7692,1392.0000,140.0000
seasonal,random,99,1224.0000,0.8834,21.2115,1103.0000,285.0000
seasonal,static_base_stock,0,2186.0000,0.8856,7.0000,364.0000,310.0000
seasonal,static_base_stock,1,2148.0000,0.9494,8.6923,452.0000,120.0000
seasonal,static_base_stock,2,2042.0000,0.9032,8.1923,426.0000,240.0000
seasonal,static_base_stock,3,2068.0000,0.8626,7.3654,383.0000,375.0000
seasonal,static_base_stock,4,2232.0000,0.9432,8.0385,418.0000,140.0000
seasonal,static_base_stock,5,1846.0000,0.8971,9.0577,471.0000,245.0000
seasonal,static_base_stock,6,2245.0000,0.8889,6.8846,358.0000,305.0000
seasonal,static_base_stock,7,2158.0000,0.8874,7.3077,380.0000,300.0000
seasonal,static_base_stock,8,2258.0000,0.9451,7.6346,397.0000,135.0000
seasonal,static_base_stock,9,2103.0000,0.9104,7.9615,414.0000,225.0000
seasonal,static_base_stock,10,2022.0000,0.8603,7.4231,386.0000,380.0000
seasonal,static_base_stock,11,2218.0000,0.9073,7.3462,382.0000,240.0000
seasonal,static_base_stock,12,2025.0000,0.8869,8.3654,435.0000,290.0000
seasonal,static_base_stock,13,2167.0000,0.8785,7.0192,365.0000,330.0000
seasonal,static_base_stock,14,2070.0000,0.9012,8.0000,416.0000,250.0000
seasonal,static_base_stock,15,1772.0000,0.8439,8.6731,451.0000,405.0000
seasonal,static_base_stock,16,2102.0000,0.8925,7.8462,408.0000,280.0000
seasonal,static_base_stock,17,2093.0000,0.8700,7.3462,382.0000,355.0000
seasonal,static_base_stock,18,2109.0000,0.9089,7.9808,415.0000,230.0000
seasonal,static_base_stock,19,2135.0000,0.8736,7.3462,382.0000,345.0000
seasonal,static_base_stock,20,2146.0000,0.8931,7.7308,402.0000,280.0000
seasonal,static_base_stock,21,2129.0000,0.9078,7.9615,414.0000,235.0000
seasonal,static_base_stock,22,2215.0000,0.9049,7.5192,391.0000,250.0000
seasonal,static_base_stock,23,2049.0000,0.8752,7.6731,399.0000,330.0000
seasonal,static_base_stock,24,2036.0000,0.8893,8.2115,427.0000,285.0000
seasonal,static_base_stock,25,1957.0000,0.8913,8.6731,451.0000,270.0000
seasonal,static_base_stock,26,2127.0000,0.9100,7.9423,413.0000,230.0000
seasonal,static_base_stock,27,2081.0000,0.8621,7.4808,389.0000,380.0000
seasonal,static_base_stock,28,2331.0000,0.8933,6.5000,338.0000,295.0000
seasonal,static_base_stock,29,2022.0000,0.8933,8.4615,440.0000,270.0000
seasonal,static_base_stock,30,2065.0000,0.8963,8.0385,418.0000,265.0000
seasonal,static_base_stock,31,1924.0000,0.8494,7.9423,413.0000,405.0000
seasonal,static_base_stock,32,2245.0000,0.8879,7.0769,368.0000,305.0000
seasonal,static_base_stock,33,2199.0000,0.8755,7.0385,366.0000,345.0000
seasonal,static_base_stock,34,2179.0000,0.8897,7.3462,382.0000,295.0000
seasonal,static_base_stock,35,2081.0000,0.9037,7.9615,414.0000,245.0000
seasonal,static_base_stock,36,2098.0000,0.8645,7.3846,384.0000,370.0000
seasonal,static_base_stock,37,2152.0000,0.9237,8.0385,418.0000,190.0000
seasonal,static_base_stock,38,2023.0000,0.8452,7.1538,372.0000,435.0000
seasonal,static_base_stock,39,2256.0000,0.9043,6.9423,361.0000,255.0000
seasonal,static_base_stock,40,2243.0000,0.9170,7.5385,392.0000,215.0000
seasonal,static_base_stock,41,2081.0000,0.8843,7.8846,410.0000,305.0000
seasonal,static_base_stock,42,2023.0000,0.8571,7.5962,395.0000,390.0000
seasonal,static_base_stock,43,1946.0000,0.8849,8.4615,440.0000,290.0000
seasonal,static_base_stock,44,2074.0000,0.9095,8.3269,433.0000,225.0000
seasonal,static_base_stock,45,2228.0000,0.9114,7.6923,400.0000,230.0000
seasonal,static_base_stock,46,1886.0000,0.8629,8.4808,441.0000,355.0000
seasonal,static_base_stock,47,2052.0000,0.8974,8.0385,418.0000,260.0000
seasonal,static_base_stock,48,2069.0000,0.8788,7.9808,415.0000,320.0000
seasonal,static_base_stock,49,2255.0000,0.9222,7.4808,389.0000,200.0000
seasonal,static_base_stock,50,2288.0000,0.9312,7.3269,381.0000,175.0000
seasonal,static_base_stock,51,2106.0000,0.9037,7.8654,409.0000,245.0000
seasonal,static_base_stock,52,2089.0000,0.8882,7.8269,407.0000,290.0000
seasonal,static_base_stock,53,2016.0000,0.8982,8.2500,429.0000,255.0000
seasonal,static_base_stock,54,2259.0000,0.8836,6.8654,357.0000,320.0000
seasonal,static_base_stock,55,2005.0000,0.9078,8.2308,428.0000,225.0000
seasonal,static_base_stock,56,2297.0000,0.8768,6.1731,321.0000,350.0000
seasonal,static_base_stock,57,1982.0000,0.9063,8.4231,438.0000,230.0000
seasonal,static_base_stock,58,2203.0000,0.8685,6.6154,344.0000,365.0000
seasonal,static_base_stock,59,1971.0000,0.8839,8.2308,428.0000,295.0000
seasonal,static_base_stock,60,2059.0000,0.8872,7.8269,407.0000,290.0000
seasonal,static_base_stock,61,2008.0000,0.8904,8.1154,422.0000,280.0000
seasonal,static_base_stock,62,2204.0000,0.9216,7.6154,396.0000,200.0000
seasonal,static_base_stock,63,1957.0000,0.9085,8.9423,465.0000,220.0000
seasonal,static_base_stock,64,2123.0000,0.8732,7.3462,382.0000,345.0000
seasonal,static_base_stock,65,2142.0000,0.8649,6.9808,363.0000,375.0000
seasonal,static_base_stock,66,2158.0000,0.9019,7.7115,401.0000,255.0000
seasonal,static_base_stock,67,1963.0000,0.9012,8.5577,445.0000,240.0000
seasonal,static_base_stock,68,2183.0000,0.9002,7.5192,391.0000,260.0000
seasonal,static_base_stock,69,2113.0000,0.8919,8.0577,419.0000,280.0000
seasonal,static_base_stock,70,2096.0000,0.8686,7.3077,380.0000,360.0000
seasonal,static_base_stock,71,2197.0000,0.8966,7.5000,390.0000,275.0000
seasonal,static_base_stock,72,1921.0000,0.9062,8.9231,464.0000,225.0000
seasonal,static_base_stock,73,2044.0000,0.9326,8.7308,454.0000,160.0000
seasonal,static_base_stock,74,1962.0000,0.8435,7.6346,397.0000,435.0000
seasonal,static_base_stock,75,1923.0000,0.8939,8.9423,465.0000,260.0000
seasonal,static_base_stock,76,2170.0000,0.9025,7.8269,407.0000,255.0000
seasonal,static_base_stock,77,1923.0000,0.9008,9.0962,473.0000,240.0000
seasonal,static_base_stock,78,2067.0000,0.8957,8.0385,418.0000,265.0000
seasonal,static_base_stock,79,1838.0000,0.8683,8.8846,462.0000,330.0000
seasonal,static_base_stock,80,2099.0000,0.8503,6.9808,363.0000,420.0000
seasonal,static_base_stock,81,2164.0000,0.9021,7.7115,401.0000,255.0000
seasonal,static_base_stock,82,2346.0000,0.9118,6.8269,355.0000,235.0000
seasonal,static_base_stock,83,2000.0000,0.8644,7.9615,414.0000,360.0000
seasonal,static_base_stock,84,2029.0000,0.8919,8.0769,420.0000,275.0000
seasonal,static_base_stock,85,2198.0000,0.9388,8.3077,432.0000,150.0000
seasonal,static_base_stock,86,2048.0000,0.9624,9.1731,477.0000,85.0000
seasonal,static_base_stock,87,2039.0000,0.8401,7.0962,369.0000,450.0000
seasonal,static_base_stock,88,2000.0000,0.8432,7.5577,393.0000,435.0000
seasonal,static_base_stock,89,1939.0000,0.8598,7.9808,415.0000,370.0000
seasonal,static_base_stock,90,2107.0000,0.8801,7.5577,393.0000,320.0000
seasonal,static_base_stock,91,2132.0000,0.9149,8.1731,425.0000,215.0000
seasonal,static_base_stock,92,2002.0000,0.9146,8.5962,447.0000,205.0000
seasonal,static_base_stock,93,2245.0000,0.8913,7.0000,364.0000,295.0000
seasonal,static_base_stock,94,1782.0000,0.8631,8.9038,463.0000,345.0000
seasonal,static_base_stock,95,2079.0000,0.9037,8.0000,416.0000,245.0000
seasonal,static_base_stock,96,2032.0000,0.8520,7.5000,390.0000,410.0000
seasonal,static_base_stock,97,2166.0000,0.9165,7.8846,410.0000,210.0000
seasonal,static_base_stock,98,1865.0000,0.8790,8.6731,451.0000,300.0000
seasonal,static_base_stock,99,1957.0000,0.8978,8.5962,447.0000,250.0000
seasonal,seasonal_base_stock,0,2743.0000,0.9686,5.8077,302.0000,85.0000
seasonal,seasonal_base_stock,1,2434.0000,0.9937,7.2500,377.0000,15.0000
seasonal,seasonal_base_stock,2,2442.0000,0.9718,7.3077,380.0000,70.0000
seasonal,seasonal_base_stock,3,2791.0000,0.9707,5.5577,289.0000,80.0000
seasonal,seasonal_base_stock,4,2486.0000,0.9838,7.3846,384.0000,40.0000
seasonal,seasonal_base_stock,5,2386.0000,0.9916,8.1923,426.0000,20.0000
seasonal,seasonal_base_stock,6,2819.0000,0.9727,5.5769,290.0000,75.0000
seasonal,seasonal_base_stock,7,2782.0000,0.9794,6.0577,315.0000,55.0000
seasonal,seasonal_base_stock,8,2545.0000,0.9939,7.1923,374.0000,15.0000
seasonal,seasonal_base_stock,9,2645.0000,1.0000,7.0577,367.0000,0.0000
seasonal,seasonal_base_stock,10,2807.0000,0.9743,5.4423,283.0000,70.0000
seasonal,seasonal_base_stock,11,2714.0000,0.9865,6.4808,337.0000,35.0000
seasonal,seasonal_base_stock,12,2602.0000,0.9747,6.4038,333.0000,65.0000
seasonal,seasonal_base_stock,13,2853.0000,0.9797,5.4615,284.0000,55.0000
seasonal,seasonal_base_stock,14,2580.0000,0.9822,6.8654,357.0000,45.0000
seasonal,seasonal_base_stock,15,2534.0000,0.9595,6.7115,349.0000,105.0000
seasonal,seasonal_base_stock,16,2685.0000,0.9789,6.1538,320.0000,55.0000
seasonal,seasonal_base_stock,17,2741.0000,0.9615,5.4615,284.0000,105.0000
seasonal,seasonal_base_stock,18,2559.0000,0.9822,7.1538,372.0000,45.0000
seasonal,seasonal_base_stock,19,2940.0000,0.9908,5.4038,281.0000,25.0000
seasonal,seasonal_base_stock,20,2703.0000,0.9790,6.1538,320.0000,55.0000
seasonal,seasonal_base_stock,21,2591.0000,0.9824,6.7308,350.0000,45.0000
seasonal,seasonal_base_stock,22,2754.0000,0.9867,6.2500,325.0000,35.0000
seasonal,seasonal_base_stock,23,2732.0000,0.9773,5.9615,310.0000,60.0000
seasonal,seasonal_base_stock,24,2734.0000,0.9981,6.2500,325.0000,5.0000
seasonal,seasonal_base_stock,25,2569.0000,0.9879,6.6731,347.0000,30.0000
seasonal,seasonal_base_stock,26,2440.0000,0.9589,7.2115,375.0000,105.0000
seasonal,seasonal_base_stock,27,2878.0000,0.9764,5.4808,285.0000,65.0000
seasonal,seasonal_base_stock,28,2988.0000,0.9910,5.2885,275.0000,25.0000
seasonal,seasonal_base_stock,29,2543.0000,0.9743,7.1154,370.0000,65.0000
seasonal,seasonal_base_stock,30,2601.0000,0.9785,6.6154,344.0000,55.0000
seasonal,seasonal_base_stock,31,2752.0000,0.9721,5.9808,311.0000,75.0000
seasonal,seasonal_base_stock,32,2797.0000,0.9706,5.5962,291.0000,80.0000
seasonal,seasonal_base_stock,33,2991.0000,0.9874,4.9231,256.0000,35.0000
seasonal,seasonal_base_stock,34,2817.0000,0.9850,5.8654,305.0000,40.0000
seasonal,seasonal_base_stock,35,2518.0000,0.9725,6.9615,362.0000,70.0000
seasonal,seasonal_base_stock,36,2847.0000,0.9744,5.6731,295.0000,70.0000
seasonal,seasonal_base_stock,37,2589.0000,0.9940,7.0385,366.0000,15.0000
seasonal,seasonal_base_stock,38,2893.0000,0.9644,5.3654,279.0000,100.0000
seasonal,seasonal_base_stock,39,2836.0000,0.9887,5.6923,296.0000,30.0000
seasonal,seasonal_base_stock,40,2621.0000,0.9730,6.7885,353.0000,70.0000
seasonal,seasonal_base_stock,41,2748.0000,0.9848,5.8846,306.0000,40.0000
seasonal,seasonal_base_stock,42,2739.0000,0.9615,5.8846,306.0000,105.0000
seasonal,seasonal_base_stock,43,2617.0000,0.9881,6.5577,341.0000,30.0000
seasonal,seasonal_base_stock,44,2371.0000,0.9577,7.6923,400.0000,105.0000
seasonal,seasonal_base_stock,45,2678.0000,0.9827,6.4808,337.0000,45.0000
seasonal,seasonal_base_stock,46,2662.0000,0.9807,6.4615,336.0000,50.0000
seasonal,seasonal_base_stock,47,2528.0000,0.9704,6.7115,349.0000,75.0000
seasonal,seasonal_base_stock,48,2778.0000,0.9848,6.1923,322.0000,40.0000
seasonal,seasonal_base_stock,49,2695.0000,0.9922,6.6346,345.0000,20.0000
seasonal,seasonal_base_stock,50,2615.0000,0.9823,6.5385,340.0000,45.0000
seasonal,seasonal_base_stock,51,2580.0000,0.9764,6.5769,342.0000,60.0000
seasonal,seasonal_base_stock,52,2682.0000,0.9846,6.6154,344.0000,40.0000
seasonal,seasonal_base_stock,53,2645.0000,0.9980,6.7308,350.0000,5.0000
seasonal,seasonal_base_stock,54,2844.0000,0.9691,5.5577,289.0000,85.0000
seasonal,seasonal_base_stock,55,2492.0000,0.9918,7.5385,392.0000,20.0000
seasonal,seasonal_base_stock,56,3037.0000,0.9789,4.5962,239.0000,60.0000
seasonal,seasonal_base_stock,57,2423.0000,0.9776,7.3462,382.0000,55.0000
seasonal,seasonal_base_stock,58,2872.0000,0.9640,5.3462,278.0000,100.0000
seasonal,seasonal_base_stock,59,2484.0000,0.9646,7.0385,366.0000,90.0000
seasonal,seasonal_base_stock,60,2621.0000,0.9767,6.7500,351.0000,60.0000
seasonal,seasonal_base_stock,61,2574.0000,0.9785,6.7500,351.0000,55.0000
seasonal,seasonal_base_stock,62,2524.0000,0.9706,6.7500,351.0000,75.0000
seasonal,seasonal_base_stock,63,2488.0000,0.9958,7.6154,396.0000,10.0000
seasonal,seasonal_base_stock,64,2890.0000,0.9816,5.4615,284.0000,50.0000
seasonal,seasonal_base_stock,65,2929.0000,0.9820,5.2115,271.0000,50.0000
seasonal,seasonal_base_stock,66,2746.0000,0.9923,6.3462,330.0000,20.0000
seasonal,seasonal_base_stock,67,2505.0000,0.9918,7.4423,387.0000,20.0000
seasonal,seasonal_base_stock,68,2643.0000,0.9750,6.5385,340.0000,65.0000
seasonal,seasonal_base_stock,69,2755.0000,0.9923,6.3269,329.0000,20.0000
seasonal,seasonal_base_stock,70,2691.0000,0.9507,5.7692,300.0000,135.0000
seasonal,seasonal_base_stock,71,2875.0000,0.9981,5.8846,306.0000,5.0000
seasonal,seasonal_base_stock,72,2456.0000,0.9896,7.4808,389.0000,25.0000
seasonal,seasonal_base_stock,73,2425.0000,0.9979,7.9615,414.0000,5.0000
seasonal,seasonal_base_stock,74,2895.0000,0.9712,4.7115,245.0000,80.0000
seasonal,seasonal_base_stock,75,2531.0000,0.9918,7.0192,365.0000,20.0000
seasonal,seasonal_base_stock,76,2718.0000,0.9866,6.5962,343.0000,35.0000
seasonal,seasonal_base_stock,77,2478.0000,0.9876,7.3077,380.0000,30.0000
seasonal,seasonal_base_stock,78,2582.0000,0.9783,7.0192,365.0000,55.0000
seasonal,seasonal_base_stock,79,2536.0000,0.9800,7.3077,380.0000,50.0000
seasonal,seasonal_base_stock,80,2946.0000,0.9715,5.0769,264.0000,80.0000
seasonal,seasonal_base_stock,81,2560.0000,0.9616,6.6538,346.0000,100.0000
seasonal,seasonal_base_stock,82,2879.0000,0.9944,5.8846,306.0000,15.0000
seasonal,seasonal_base_stock,83,2867.0000,0.9906,5.4615,284.0000,25.0000
seasonal,seasonal_base_stock,84,2642.0000,0.9882,6.6538,346.0000,30.0000
seasonal,seasonal_base_stock,85,2462.0000,0.9857,7.7115,401.0000,35.0000
seasonal,seasonal_base_stock,86,2279.0000,1.0000,8.3269,433.0000,0.0000
seasonal,seasonal_base_stock,87,2821.0000,0.9538,5.5962,291.0000,130.0000
seasonal,seasonal_base_stock,88,2793.0000,0.9586,5.4615,284.0000,115.0000
seasonal,seasonal_base_stock,89,2690.0000,0.9697,6.1923,322.0000,80.0000
seasonal,seasonal_base_stock,90,2719.0000,0.9738,5.9808,311.0000,70.0000
seasonal,seasonal_base_stock,91,2509.0000,0.9743,7.2692,378.0000,65.0000
seasonal,seasonal_base_stock,92,2442.0000,0.9875,7.5385,392.0000,30.0000
seasonal,seasonal_base_stock,93,2854.0000,0.9797,5.4423,283.0000,55.0000
seasonal,seasonal_base_stock,94,2549.0000,0.9821,7.2308,376.0000,45.0000
seasonal,seasonal_base_stock,95,2519.0000,0.9725,6.9423,361.0000,70.0000
seasonal,seasonal_base_stock,96,2933.0000,0.9783,4.9808,259.0000,60.0000
seasonal,seasonal_base_stock,97,2530.0000,0.9722,6.8077,354.0000,70.0000
seasonal,seasonal_base_stock,98,2546.0000,0.9919,7.4231,386.0000,20.0000
seasonal,seasonal_base_stock,99,2502.0000,0.9898,7.6346,397.0000,25.0000
seasonal,q_learning_ip,0,2357.0000,0.9539,11.5385,600.0000,125.0000
seasonal,q_learning_ip,1,2152.0000,1.0000,13.6923,712.0000,0.0000
seasonal,q_learning_ip,2,2169.0000,0.9738,12.7692,664.0000,65.0000
seasonal,q_learning_ip,3,2291.0000,0.9341,11.3269,589.0000,180.0000
seasonal,q_learning_ip,4,2203.0000,0.9838,12.8269,667.0000,40.0000
seasonal,q_learning_ip,5,1948.0000,0.9622,13.6538,710.0000,90.0000
seasonal,q_learning_ip,6,2366.0000,0.9454,11.1154,578.0000,150.0000
seasonal,q_learning_ip,7,2378.0000,0.9606,11.3269,589.0000,105.0000
seasonal,q_learning_ip,8,2253.0000,0.9858,11.9615,622.0000,35.0000
seasonal,q_learning_ip,9,2286.0000,0.9861,12.4808,649.0000,35.0000
seasonal,q_learning_ip,10,2322.0000,0.9449,11.7692,612.0000,150.0000
seasonal,q_learning_ip,11,2335.0000,0.9710,12.0769,628.0000,75.0000
seasonal,q_learning_ip,12,2191.0000,0.9591,12.6154,656.0000,105.0000
seasonal,q_learning_ip,13,2599.0000,0.9816,10.9423,569.0000,50.0000
seasonal,q_learning_ip,14,2230.0000,0.9704,12.3269,641.0000,75.0000
seasonal,q_learning_ip,15,2083.0000,0.9306,12.5962,655.0000,180.0000
seasonal,q_learning_ip,16,2307.0000,0.9655,11.9423,621.0000,90.0000
seasonal,q_learning_ip,17,2290.0000,0.9377,11.3846,592.0000,170.0000
seasonal,q_learning_ip,18,2237.0000,0.9683,12.2500,637.0000,80.0000
seasonal,q_learning_ip,19,2320.0000,0.9396,11.4038,593.0000,165.0000
seasonal,q_learning_ip,20,2298.0000,0.9580,12.0000,624.0000,110.0000
seasonal,q_learning_ip,21,2198.0000,0.9608,12.3462,642.0000,100.0000
seasonal,q_learning_ip,22,2238.0000,0.9487,11.9423,621.0000,135.0000
seasonal,q_learning_ip,23,2310.0000,0.9509,11.5000,598.0000,130.0000
seasonal,q_learning_ip,24,2223.0000,0.9573,12.0192,625.0000,110.0000
seasonal,q_learning_ip,25,2086.0000,0.9557,12.9615,674.0000,110.0000
seasonal,q_learning_ip,26,2166.0000,0.9609,12.6923,660.0000,100.0000
seasonal,q_learning_ip,27,2392.0000,0.9437,11.0192,573.0000,155.0000
seasonal,q_learning_ip,28,2459.0000,0.9512,10.8077,562.0000,135.0000
seasonal,q_learning_ip,29,2120.0000,0.9506,12.7115,661.0000,125.0000
seasonal,q_learning_ip,30,2223.0000,0.9648,12.4038,645.0000,90.0000
seasonal,q_learning_ip,31,2131.0000,0.9201,12.0000,624.0000,215.0000
seasonal,q_learning_ip,32,2395.0000,0.9504,11.3846,592.0000,135.0000
seasonal,q_learning_ip,33,2537.0000,0.9639,10.9038,567.0000,100.0000
seasonal,q_learning_ip,34,2351.0000,0.9589,11.8654,617.0000,110.0000
seasonal,q_learning_ip,35,2287.0000,0.9784,12.0385,626.0000,55.0000
seasonal,q_learning_ip,36,2322.0000,0.9359,11.3269,589.0000,175.0000
seasonal,q_learning_ip,37,2285.0000,0.9900,12.4615,648.0000,25.0000
seasonal,q_learning_ip,38,2375.0000,0.9342,10.9615,570.0000,185.0000
seasonal,q_learning_ip,39,2448.0000,0.9737,11.4615,596.0000,70.0000
seasonal,q_learning_ip,40,2270.0000,0.9633,12.0962,629.0000,95.0000
seasonal,q_learning_ip,41,2253.0000,0.9526,11.8077,614.0000,125.0000
seasonal,q_learning_ip,42,2321.0000,0.9396,11.3846,592.0000,165.0000
seasonal,q_learning_ip,43,2023.0000,0.9405,12.9038,671.0000,150.0000
seasonal,q_learning_ip,44,2209.0000,0.9698,12.4615,648.0000,75.0000
seasonal,q_learning_ip,45,2384.0000,0.9788,11.7115,609.0000,55.0000
seasonal,q_learning_ip,46,2056.0000,0.9324,12.4423,647.0000,175.0000
seasonal,q_learning_ip,47,2297.0000,0.9763,11.7885,613.0000,60.0000
seasonal,q_learning_ip,48,2311.0000,0.9545,11.7885,613.0000,120.0000
seasonal,q_learning_ip,49,2370.0000,0.9864,12.2500,637.0000,35.0000
seasonal,q_learning_ip,50,2388.0000,0.9902,11.7500,611.0000,25.0000
seasonal,q_learning_ip,51,2243.0000,0.9666,12.3846,644.0000,85.0000
seasonal,q_learning_ip,52,2249.0000,0.9595,12.1923,634.0000,105.0000
seasonal,q_learning_ip,53,2216.0000,0.9741,12.4423,647.0000,65.0000
seasonal,q_learning_ip,54,2445.0000,0.9509,10.7308,558.0000,135.0000
seasonal,q_learning_ip,55,2132.0000,0.9775,12.9808,675.0000,55.0000
seasonal,q_learning_ip,56,2546.0000,0.9489,10.4423,543.0000,145.0000
seasonal,q_learning_ip,57,2053.0000,0.9633,12.9808,675.0000,90.0000
seasonal,q_learning_ip,58,2487.0000,0.9495,11.0577,575.0000,140.0000
seasonal,q_learning_ip,59,2109.0000,0.9508,12.7692,664.0000,125.0000
seasonal,q_learning_ip,60,2148.0000,0.9475,12.2885,639.0000,135.0000
seasonal,q_learning_ip,61,2194.0000,0.9609,12.5385,652.0000,100.0000
seasonal,q_learning_ip,62,2363.0000,0.9863,11.9231,620.0000,35.0000
seasonal,q_learning_ip,63,2085.0000,0.9730,13.0385,678.0000,65.0000
seasonal,q_learning_ip,64,2460.0000,0.9614,11.0192,573.0000,105.0000
seasonal,q_learning_ip,65,2385.0000,0.9423,11.0192,573.0000,160.0000
seasonal,q_learning_ip,66,2305.0000,0.9635,11.6538,606.0000,95.0000
seasonal,q_learning_ip,67,2146.0000,0.9753,13.0385,678.0000,60.0000
seasonal,q_learning_ip,68,2337.0000,0.9674,11.9615,622.0000,85.0000
seasonal,q_learning_ip,69,2327.0000,0.9691,12.0192,625.0000,80.0000
seasonal,q_learning_ip,70,2287.0000,0.9343,11.2500,585.0000,180.0000
seasonal,q_learning_ip,71,2306.0000,0.9530,11.7500,611.0000,125.0000
seasonal,q_learning_ip,72,2108.0000,0.9812,12.9423,673.0000,45.0000
seasonal,q_learning_ip,73,2074.0000,0.9789,13.1923,686.0000,50.0000
seasonal,q_learning_ip,74,2334.0000,0.9335,11.0577,575.0000,185.0000
seasonal,q_learning_ip,75,2072.0000,0.9653,13.4808,701.0000,85.0000
seasonal,q_learning_ip,76,2295.0000,0.9618,11.5962,603.0000,100.0000
seasonal,q_learning_ip,77,2035.0000,0.9628,13.2885,691.0000,90.0000
seasonal,q_learning_ip,78,2220.0000,0.9646,12.5000,650.0000,90.0000
seasonal,q_learning_ip,79,2047.0000,0.9421,12.6923,660.0000,145.0000
seasonal,q_learning_ip,80,2322.0000,0.9216,11.1538,580.0000,220.0000
seasonal,q_learning_ip,81,2358.0000,0.9712,11.5962,603.0000,75.0000
seasonal,q_learning_ip,82,2428.0000,0.9681,11.5962,603.0000,85.0000
seasonal,q_learning_ip,83,2364.0000,0.9605,11.7500,611.0000,105.0000
seasonal,q_learning_ip,84,2178.0000,0.9587,12.4038,645.0000,105.0000
seasonal,q_learning_ip,85,2148.0000,0.9776,13.2885,691.0000,55.0000
seasonal,q_learning_ip,86,1983.0000,0.9978,13.8077,718.0000,5.0000
seasonal,q_learning_ip,87,2431.0000,0.9343,10.7692,560.0000,185.0000
seasonal,q_learning_ip,88,2263.0000,0.9207,11.5962,603.0000,220.0000
seasonal,q_learning_ip,89,2103.0000,0.9242,12.0192,625.0000,200.0000
seasonal,q_learning_ip,90,2271.0000,0.9494,11.8462,616.0000,135.0000
seasonal,q_learning_ip,91,2232.0000,0.9723,12.3846,644.0000,70.0000
seasonal,q_learning_ip,92,2078.0000,0.9750,13.2692,690.0000,60.0000
seasonal,q_learning_ip,93,2391.0000,0.9521,11.1731,581.0000,130.0000
seasonal,q_learning_ip,94,1879.0000,0.9187,13.3462,694.0000,205.0000
seasonal,q_learning_ip,95,2133.0000,0.9548,12.4615,648.0000,115.0000
seasonal,q_learning_ip,96,2286.0000,0.9296,11.7115,609.0000,195.0000
seasonal,q_learning_ip,97,2239.0000,0.9722,12.4038,645.0000,70.0000
seasonal,q_learning_ip,98,2043.0000,0.9556,13.2885,691.0000,110.0000
seasonal,q_learning_ip,99,2078.0000,0.9632,13.0385,678.0000,90.0000
seasonal,q_learning_phase,0,2607.0000,0.9594,7.3654,383.0000,110.0000
seasonal,q_learning_phase,1,2308.0000,0.9937,9.6731,503.0000,15.0000
seasonal,q_learning_phase,2,2388.0000,0.9758,9.1538,476.0000,60.0000
seasonal,q_learning_phase,3,2797.0000,0.9853,7.5192,391.0000,40.0000
seasonal,q_learning_phase,4,2479.0000,0.9858,8.1154,422.0000,35.0000
seasonal,q_learning_phase,5,2339.0000,0.9979,9.7308,506.0000,5.0000
seasonal,q_learning_phase,6,2780.0000,0.9763,7.1346,371.0000,65.0000
seasonal,q_learning_phase,7,2645.0000,0.9700,7.2500,377.0000,80.0000
seasonal,q_learning_phase,8,2409.0000,0.9837,8.7500,455.0000,40.0000
seasonal,q_learning_phase,9,2571.0000,1.0000,8.8654,461.0000,0.0000
seasonal,q_learning_phase,10,2809.0000,0.9835,6.8462,356.0000,45.0000
seasonal,q_learning_phase,11,2603.0000,0.9826,8.1923,426.0000,45.0000
seasonal,q_learning_phase,12,2599.0000,0.9825,7.3077,380.0000,45.0000
seasonal,q_learning_phase,13,2763.0000,0.9797,7.1923,374.0000,55.0000
seasonal,q_learning_phase,14,2432.0000,0.9664,8.4038,437.0000,85.0000
seasonal,q_learning_phase,15,2507.0000,0.9692,8.6731,451.0000,80.0000
seasonal,q_learning_phase,16,2558.0000,0.9750,8.1731,425.0000,65.0000
seasonal,q_learning_phase,17,2493.0000,0.9487,8.7500,455.0000,140.0000
seasonal,q_learning_phase,18,2555.0000,0.9881,8.2500,429.0000,30.0000
seasonal,q_learning_phase,19,2864.0000,0.9872,6.8269,355.0000,35.0000
seasonal,q_learning_phase,20,2684.0000,0.9943,8.2115,427.0000,15.0000
seasonal,q_learning_phase,21,2513.0000,0.9863,9.0385,470.0000,35.0000
seasonal,q_learning_phase,22,2642.0000,0.9753,7.1346,371.0000,65.0000
seasonal,q_learning_phase,23,2607.0000,0.9716,7.7308,402.0000,75.0000
seasonal,q_learning_phase,24,2666.0000,0.9903,7.0962,369.0000,25.0000
seasonal,q_learning_phase,25,2529.0000,0.9960,8.6731,451.0000,10.0000
seasonal,q_learning_phase,26,2376.0000,0.9628,9.2500,481.0000,95.0000
seasonal,q_learning_phase,27,2731.0000,0.9655,7.0385,366.0000,95.0000
seasonal,q_learning_phase,28,2877.0000,0.9783,6.3269,329.0000,60.0000
seasonal,q_learning_phase,29,2499.0000,0.9783,8.3846,436.0000,55.0000
seasonal,q_learning_phase,30,2508.0000,0.9706,7.5577,393.0000,75.0000
seasonal,q_learning_phase,31,2759.0000,0.9777,6.4808,337.0000,60.0000
seasonal,q_learning_phase,32,2658.0000,0.9596,7.3846,384.0000,110.0000
seasonal,q_learning_phase,33,2834.0000,0.9711,6.0385,314.0000,80.0000
seasonal,q_learning_phase,34,2653.0000,0.9720,7.5385,392.0000,75.0000
seasonal,q_learning_phase,35,2448.0000,0.9764,8.7308,454.0000,60.0000
seasonal,q_learning_phase,36,2719.0000,0.9634,6.8654,357.0000,100.0000
seasonal,q_learning_phase,37,2570.0000,0.9980,7.8269,407.0000,5.0000
seasonal,q_learning_phase,38,2794.0000,0.9609,6.8462,356.0000,110.0000
seasonal,q_learning_phase,39,2660.0000,0.9737,7.3846,384.0000,70.0000
seasonal,q_learning_phase,40,2473.0000,0.9653,8.7885,457.0000,90.0000
seasonal,q_learning_phase,41,2603.0000,0.9772,7.8269,407.0000,60.0000
seasonal,q_learning_phase,42,2819.0000,0.9799,6.8462,356.0000,55.0000
seasonal,q_learning_phase,43,2519.0000,0.9881,8.8269,459.0000,30.0000
seasonal,q_learning_phase,44,2315.0000,0.9577,8.7692,456.0000,105.0000
seasonal,q_learning_phase,45,2490.0000,0.9615,7.7692,404.0000,100.0000
seasonal,q_learning_phase,46,2603.0000,0.9846,8.0192,417.0000,40.0000
seasonal,q_learning_phase,47,2496.0000,0.9744,7.7500,403.0000,65.0000
seasonal,q_learning_phase,48,2730.0000,0.9905,7.7500,403.0000,25.0000
seasonal,q_learning_phase,49,2621.0000,0.9864,7.4231,386.0000,35.0000
seasonal,q_learning_phase,50,2492.0000,0.9666,7.5962,395.0000,85.0000
seasonal,q_learning_phase,51,2612.0000,0.9961,8.4615,440.0000,10.0000
seasonal,q_learning_phase,52,2693.0000,0.9923,7.6346,397.0000,20.0000
seasonal,q_learning_phase,53,2547.0000,0.9980,8.6154,448.0000,5.0000
seasonal,q_learning_phase,54,2707.0000,0.9636,7.1731,373.0000,100.0000
seasonal,q_learning_phase,55,2460.0000,0.9959,8.5769,446.0000,10.0000
seasonal,q_learning_phase,56,2963.0000,0.9789,6.0192,313.0000,60.0000
seasonal,q_learning_phase,57,2362.0000,0.9857,9.3654,487.0000,35.0000
seasonal,q_learning_phase,58,2752.0000,0.9550,6.5962,343.0000,125.0000
seasonal,q_learning_phase,59,2559.0000,0.9921,8.5577,445.0000,20.0000
seasonal,q_learning_phase,60,2529.0000,0.9747,7.9231,412.0000,65.0000
seasonal,q_learning_phase,61,2387.0000,0.9667,9.4615,492.0000,85.0000
seasonal,q_learning_phase,62,2443.0000,0.9647,8.0577,419.0000,90.0000
seasonal,q_learning_phase,63,2417.0000,0.9917,8.1731,425.0000,20.0000
seasonal,q_learning_phase,64,2840.0000,0.9908,7.4808,389.0000,25.0000
seasonal,q_learning_phase,65,2842.0000,0.9766,6.6346,345.0000,65.0000
seasonal,q_learning_phase,66,2589.0000,0.9865,8.7308,454.0000,35.0000
seasonal,q_learning_phase,67,2382.0000,0.9815,9.1346,475.0000,45.0000
seasonal,q_learning_phase,68,2577.0000,0.9712,7.7692,404.0000,75.0000
seasonal,q_learning_phase,69,2667.0000,0.9942,8.2308,428.0000,15.0000
seasonal,q_learning_phase,70,2741.0000,0.9653,6.8846,358.0000,95.0000
seasonal,q_learning_phase,71,2733.0000,0.9850,7.1346,371.0000,40.0000
seasonal,q_learning_phase,72,2394.0000,0.9958,9.3077,484.0000,10.0000
seasonal,q_learning_phase,73,2336.0000,0.9958,9.4615,492.0000,10.0000
seasonal,q_learning_phase,74,2828.0000,0.9748,6.4231,334.0000,70.0000
seasonal,q_learning_phase,75,2384.0000,0.9918,9.8462,512.0000,20.0000
seasonal,q_learning_phase,76,2675.0000,0.9866,7.8077,406.0000,35.0000
seasonal,q_learning_phase,77,2426.0000,0.9959,9.1538,476.0000,10.0000
seasonal,q_learning_phase,78,2509.0000,0.9803,8.6346,449.0000,50.0000
seasonal,q_learning_phase,79,2439.0000,0.9760,8.7500,455.0000,60.0000
seasonal,q_learning_phase,80,2966.0000,0.9875,6.2115,323.0000,35.0000
seasonal,q_learning_phase,81,2573.0000,0.9731,7.6731,399.0000,70.0000
seasonal,q_learning_phase,82,2661.0000,0.9719,7.5385,392.0000,75.0000
seasonal,q_learning_phase,83,2724.0000,0.9944,8.2500,429.0000,15.0000
seasonal,q_learning_phase,84,2556.0000,0.9843,8.2692,430.0000,40.0000
seasonal,q_learning_phase,85,2348.0000,0.9776,9.4423,491.0000,55.0000
seasonal,q_learning_phase,86,2155.0000,0.9978,10.8846,566.0000,5.0000
seasonal,q_learning_phase,87,2953.0000,0.9698,4.9615,258.0000,85.0000
seasonal,q_learning_phase,88,2786.0000,0.9658,6.8269,355.0000,95.0000
seasonal,q_learning_phase,89,2679.0000,0.9848,7.7115,401.0000,40.0000
seasonal,q_learning_phase,90,2658.0000,0.9700,7.1154,370.0000,80.0000
seasonal,q_learning_phase,91,2433.0000,0.9802,9.3654,487.0000,50.0000
seasonal,q_learning_phase,92,2367.0000,0.9938,9.2308,480.0000,15.0000
seasonal,q_learning_phase,93,2747.0000,0.9761,7.0769,368.0000,65.0000
seasonal,q_learning_phase,94,2451.0000,0.9762,8.4808,441.0000,60.0000
seasonal,q_learning_phase,95,2465.0000,0.9784,8.6154,448.0000,55.0000
seasonal,q_learning_phase,96,2818.0000,0.9747,6.7692,352.0000,70.0000
seasonal,q_learning_phase,97,2419.0000,0.9722,8.9423,465.0000,70.0000
seasonal,q_learning_phase,98,2446.0000,0.9859,8.7115,453.0000,35.0000
seasonal,q_learning_phase,99,2411.0000,0.9816,8.5385,444.0000,45.0000
seasonal,ppo,0,2205.0000,0.9723,17.7308,922.0000,75.0000
seasonal,ppo,1,1642.0000,0.9515,19.0192,989.0000,115.0000
seasonal,ppo,2,1915.0000,0.9698,18.0000,936.0000,75.0000
seasonal,ppo,3,2190.0000,0.9744,18.6923,972.0000,70.0000
seasonal,ppo,4,1718.0000,0.9412,18.4808,961.0000,145.0000
seasonal,ppo,5,1483.0000,0.9475,20.3462,1058.0000,125.0000
seasonal,ppo,6,2111.0000,0.9526,18.0192,937.0000,130.0000
seasonal,ppo,7,1840.0000,0.9512,19.8462,1032.0000,130.0000
seasonal,ppo,8,1643.0000,0.9573,20.0385,1042.0000,105.0000
seasonal,ppo,9,1933.0000,0.9741,18.7692,976.0000,65.0000
seasonal,ppo,10,2121.0000,0.9706,17.8269,927.0000,80.0000
seasonal,ppo,11,1843.0000,0.9440,18.9615,986.0000,145.0000
seasonal,ppo,12,1850.0000,0.9591,18.6346,969.0000,105.0000
seasonal,ppo,13,2019.0000,0.9466,18.4615,960.0000,145.0000
seasonal,ppo,14,1845.0000,0.9545,18.8077,978.0000,115.0000
seasonal,ppo,15,2059.0000,0.9788,18.7308,974.0000,55.0000
seasonal,ppo,16,1821.0000,0.9386,17.5577,913.0000,160.0000
seasonal,ppo,17,2042.0000,0.9597,18.3077,952.0000,110.0000
seasonal,ppo,18,1717.0000,0.9485,18.9808,987.0000,130.0000
seasonal,ppo,19,2103.0000,0.9560,16.7115,869.0000,120.0000
seasonal,ppo,20,1929.0000,0.9504,18.6346,969.0000,130.0000
seasonal,ppo,21,1926.0000,0.9588,18.1346,943.0000,105.0000
seasonal,ppo,22,2016.0000,0.9601,18.2500,949.0000,105.0000
seasonal,ppo,23,2014.0000,0.9546,18.0000,936.0000,120.0000
seasonal,ppo,24,2013.0000,0.9806,17.8269,927.0000,50.0000
seasonal,ppo,25,1918.0000,0.9859,18.5192,963.0000,35.0000
seasonal,ppo,26,1902.0000,0.9569,18.5000,962.0000,110.0000
seasonal,ppo,27,2088.0000,0.9583,17.7885,925.0000,115.0000
seasonal,ppo,28,2090.0000,0.9421,17.6154,916.0000,160.0000
seasonal,ppo,29,1918.0000,0.9664,18.6731,971.0000,85.0000
seasonal,ppo,30,1943.0000,0.9648,18.5577,965.0000,90.0000
seasonal,ppo,31,2022.0000,0.9554,17.3462,902.0000,120.0000
seasonal,ppo,32,1930.0000,0.9393,18.1346,943.0000,165.0000
seasonal,ppo,33,2226.0000,0.9621,15.9038,827.0000,105.0000
seasonal,ppo,34,1939.0000,0.9421,18.6538,970.0000,155.0000
seasonal,ppo,35,1929.0000,0.9705,19.2308,1000.0000,75.0000
seasonal,ppo,36,2106.0000,0.9524,16.2308,844.0000,130.0000
seasonal,ppo,37,1939.0000,0.9759,18.4038,957.0000,60.0000
seasonal,ppo,38,2073.0000,0.9466,17.8654,929.0000,150.0000
seasonal,ppo,39,1857.0000,0.9362,17.8269,927.0000,170.0000
seasonal,ppo,40,1895.0000,0.9614,18.5577,965.0000,100.0000
seasonal,ppo,41,2012.0000,0.9639,17.3269,901.0000,95.0000
seasonal,ppo,42,2114.0000,0.9505,17.4038,905.0000,135.0000
seasonal,ppo,43,1991.0000,0.9901,19.5769,1018.0000,25.0000
seasonal,ppo,44,1816.0000,0.9557,18.5385,964.0000,110.0000
seasonal,ppo,45,1945.0000,0.9499,17.7500,923.0000,130.0000
seasonal,ppo,46,1949.0000,0.9440,16.9231,880.0000,145.0000
seasonal,ppo,47,1901.0000,0.9665,19.1154,994.0000,85.0000
seasonal,ppo,48,1912.0000,0.9527,18.4808,961.0000,125.0000
seasonal,ppo,49,1742.0000,0.9416,18.6923,972.0000,150.0000
seasonal,ppo,50,1799.0000,0.9411,18.5577,965.0000,150.0000
seasonal,ppo,51,2026.0000,0.9804,18.4231,958.0000,50.0000
seasonal,ppo,52,1980.0000,0.9672,17.4423,907.0000,85.0000
seasonal,ppo,53,1838.0000,0.9780,19.3654,1007.0000,55.0000
seasonal,ppo,54,2162.0000,0.9691,19.0577,991.0000,85.0000
seasonal,ppo,55,1683.0000,0.9590,18.9423,985.0000,100.0000
seasonal,ppo,56,2171.0000,0.9419,16.0385,834.0000,165.0000
seasonal,ppo,57,1779.0000,0.9776,19.3462,1006.0000,55.0000
seasonal,ppo,58,2145.0000,0.9514,17.8462,928.0000,135.0000
seasonal,ppo,59,2030.0000,0.9764,17.8077,926.0000,60.0000
seasonal,ppo,60,1953.0000,0.9669,17.6154,916.0000,85.0000
seasonal,ppo,61,1772.0000,0.9472,18.4038,957.0000,135.0000
seasonal,ppo,62,1620.0000,0.9196,18.2500,949.0000,205.0000
seasonal,ppo,63,1580.0000,0.9459,19.1538,996.0000,130.0000
seasonal,ppo,64,1990.0000,0.9430,18.7115,973.0000,155.0000
seasonal,ppo,65,2151.0000,0.9550,16.6154,864.0000,125.0000
seasonal,ppo,66,2016.0000,0.9654,18.1923,946.0000,90.0000
seasonal,ppo,67,1655.0000,0.9486,19.7308,1026.0000,125.0000
seasonal,ppo,68,1863.0000,0.9539,18.7500,975.0000,120.0000
seasonal,ppo,69,1986.0000,0.9614,18.1154,942.0000,100.0000
seasonal,ppo,70,1953.0000,0.9215,15.8077,822.0000,215.0000
seasonal,ppo,71,2098.0000,0.9699,18.4231,958.0000,80.0000
seasonal,ppo,72,1772.0000,0.9604,18.0577,939.0000,95.0000
seasonal,ppo,73,1632.0000,0.9642,19.0577,991.0000,85.0000
seasonal,ppo,74,2252.0000,0.9586,16.7500,871.0000,115.0000
seasonal,ppo,75,1670.0000,0.9571,19.4423,1011.0000,105.0000
seasonal,ppo,76,2030.0000,0.9560,17.2115,895.0000,115.0000
seasonal,ppo,77,1786.0000,0.9607,18.2500,949.0000,95.0000
seasonal,ppo,78,1927.0000,0.9646,18.5192,963.0000,90.0000
seasonal,ppo,79,1711.0000,0.9401,19.3269,1005.0000,150.0000
seasonal,ppo,80,2165.0000,0.9501,17.9423,933.0000,140.0000
seasonal,ppo,81,1892.0000,0.9463,18.5769,966.0000,140.0000
seasonal,ppo,82,2116.0000,0.9681,17.9808,935.0000,85.0000
seasonal,ppo,83,1942.0000,0.9510,17.6538,918.0000,130.0000
seasonal,ppo,84,1750.0000,0.9548,19.4423,1011.0000,115.0000
seasonal,ppo,85,1763.0000,0.9653,19.8077,1030.0000,85.0000
seasonal,ppo,86,1551.0000,0.9757,20.7692,1080.0000,55.0000
seasonal,ppo,87,2307.0000,0.9698,16.6154,864.0000,85.0000
seasonal,ppo,88,2348.0000,0.9694,16.0577,835.0000,85.0000
seasonal,ppo,89,2077.0000,0.9697,18.3654,955.0000,80.0000
seasonal,ppo,90,1839.0000,0.9270,17.2308,896.0000,195.0000
seasonal,ppo,91,1724.0000,0.9307,18.4808,961.0000,175.0000
seasonal,ppo,92,1751.0000,0.9750,19.9423,1037.0000,60.0000
seasonal,ppo,93,2170.0000,0.9613,17.2500,897.0000,105.0000
seasonal,ppo,94,1724.0000,0.9345,18.7885,977.0000,165.0000
seasonal,ppo,95,1965.0000,0.9686,18.3269,953.0000,80.0000
seasonal,ppo,96,2279.0000,0.9693,17.2692,898.0000,85.0000
seasonal,ppo,97,1631.0000,0.9304,20.0385,1042.0000,175.0000
seasonal,ppo,98,1886.0000,0.9819,18.2885,951.0000,45.0000
seasonal,ppo,99,1824.0000,0.9816,20.2115,1051.0000,45.0000
